Velocidad [RPM],Aceleracion [V_Acc], Voltaje[V],Corriente[A],Temperatura[Â°C],Latitud,Longitud,Velocidad[GPS: km/h],Satelites, Altitud, Hora, Minutos, Year
0.00,0.29,57.61999082,0.91667585,28.16193901,4.798358000000001,-75.686559500000001,0.01852000,12.00,1480.20000000,15,8,2024
60.00,0.64,56.05793801,7.09837181,27.72611475,4.798359833000001,-75.686559167000000,1.22232000,12.00,1480.20000000,15,8,2024
150.00,0.83,55.01091001,10.85089229,27.83876373,4.798367833000001,-75.686562832999992,3.77808000,12.00,1479.80000000,15,8,2024
210.00,1.05,55.21206559,9.31479255,27.81729276,4.798367833000001,-75.686562832999992,3.77808000,12.00,1479.80000000,15,8,2024
300.00,1.10,54.78078874,9.75579588,27.91690507,4.798440833000000,-75.686578499999992,14.07520000,12.00,1479.50000000,15,8,2024
330.00,1.08,56.30331454,3.85305960,28.08309540,4.798478000000001,-75.686585500000003,14.07520000,12.00,1479.70000000,15,8,2024
360.00,1.02,54.58737221,11.53549853,28.07788486,4.798559667000001,-75.686599499999998,16.27908000,12.00,1479.20000000,15,8,2024
330.00,1.20,55.75828423,5.97935061,27.95750512,4.798600167000000,-75.686609499999999,17.11248000,12.00,1478.90000000,15,8,2024
390.00,1.20,57.02950667,1.86351954,28.03976378,4.798684833000001,-75.686627333000000,17.85328000,12.00,1478.90000000,15,8,2024
360.00,1.01,57.00946835,2.41525528,28.13227895,4.798726167000000,-75.686634000000001,17.03840000,12.00,1479.10000000,15,8,2024
360.00,0.28,57.29364405,0.95326096,28.20133669,4.798726167000000,-75.686634000000001,17.03840000,12.00,1479.10000000,15,8,2024
300.00,0.28,57.32803152,0.95031572,28.19324783,4.798846167000000,-75.686655333000008,15.89016000,12.00,1478.80000000,15,8,2024
210.00,0.29,57.36246356,0.95774162,28.18589575,4.798846167000000,-75.686655333000008,15.89016000,12.00,1478.80000000,15,8,2024
150.00,0.32,57.37624826,0.94523485,28.19196635,4.798920667000000,-75.686663667000004,7.70432000,12.00,1479.20000000,15,8,2024
30.00,0.28,57.40142612,0.94496964,28.19091222,4.798933500000001,-75.686666999999996,7.70432000,12.00,1479.10000000,15,8,2024
0.00,0.67,57.24169891,1.55188313,27.90243495,4.798935000000001,-75.686664167000001,1.50012000,12.00,1479.10000000,15,8,2024
30.00,0.49,57.29261911,1.97120900,28.15673358,4.798938000000000,-75.686664332999997,1.64828000,12.00,1479.10000000,15,8,2024
60.00,0.53,57.33279972,1.06293251,28.15113108,4.798938000000000,-75.686664332999997,1.64828000,12.00,1479.10000000,15,8,2024
90.00,0.47,57.40803624,0.94033543,28.16610537,4.798962500000000,-75.686664666999998,2.87060000,11.00,1479.20000000,15,8,2024
30.00,0.40,56.34714928,6.86110604,28.03653667,4.798962500000000,-75.686664666999998,2.87060000,11.00,1479.20000000,15,8,2024
30.00,0.46,57.41483947,0.89416087,28.16686565,4.798982667000000,-75.686662666999993,1.85200000,12.00,1479.30000000,15,8,2024
30.00,0.47,57.35760623,0.85232739,27.78145695,4.798986667000001,-75.686662832999997,1.85200000,12.00,1479.60000000,15,8,2024
0.00,0.30,57.43220403,0.85148988,28.19696414,4.798991500000000,-75.686662166999996,0.18520000,11.00,1479.70000000,15,8,2024
0.00,0.31,57.45546570,0.84268210,28.19122845,4.798991333000000,-75.686664666999998,0.33336000,12.00,1480.00000000,15,8,2024
30.00,0.53,57.23476200,1.58294069,28.04113337,4.798991667000001,-75.686665500000005,0.38892000,12.00,1480.00000000,15,8,2024
60.00,0.56,55.93503436,6.25776590,27.80358251,4.798995833000001,-75.686665000000008,1.25936000,11.00,1480.60000000,15,8,2024
90.00,0.80,55.48325872,7.79784380,27.72954590,4.798995833000001,-75.686665000000008,1.25936000,11.00,1480.60000000,15,8,2024
180.00,0.85,56.60405267,3.96683494,27.98872402,4.799025000000001,-75.686670167000000,4.59296000,10.00,1480.80000000,15,8,2024
210.00,0.91,56.60573119,3.69570597,28.04132014,4.799045500000000,-75.686673333000005,4.59296000,12.00,1480.70000000,15,8,2024
270.00,0.87,57.16781412,1.51584241,28.10237758,4.799093500000000,-75.686682000000002,10.07488000,11.00,1480.30000000,15,8,2024
270.00,0.82,57.19602225,1.50449419,28.10951409,4.799117333000000,-75.686683167000001,9.61188000,12.00,1480.60000000,15,8,2024
270.00,0.84,57.21871946,1.46834180,28.10632821,4.799170333000001,-75.686695000000003,11.01940000,12.00,1480.60000000,15,8,2024
300.00,0.76,57.29019788,1.21558215,28.08999397,4.799206667000000,-75.686693833000004,13.07512000,11.00,1480.50000000,15,9,2024
270.00,0.29,57.39982187,0.88596726,28.15597357,4.799206667000000,-75.686693833000004,13.07512000,11.00,1480.50000000,15,9,2024
300.00,0.29,57.41204688,0.89716194,28.15275283,4.799297167000000,-75.686707499999998,10.20452000,11.00,1479.00000000,15,9,2024
330.00,0.29,57.43221888,0.89929758,28.15931314,4.799297167000000,-75.686707499999998,10.20452000,11.00,1479.00000000,15,9,2024
300.00,0.28,57.43734358,0.89543109,28.16850805,4.799419667000001,-75.686721167000001,15.61236000,11.00,1476.20000000,15,9,2024
270.00,0.28,57.44774152,0.88905208,28.16785963,4.799454167000001,-75.686723000000002,15.61236000,12.00,1475.90000000,15,9,2024
180.00,0.28,57.44680571,0.88270098,28.18027757,4.799509500000000,-75.686717833000001,9.88968000,12.00,1476.50000000,15,9,2024
150.00,0.60,57.35433831,1.24867764,28.10832181,4.799531167000000,-75.686720832999991,9.88968000,11.00,1476.70000000,15,9,2024
210.00,1.12,53.45052086,17.42992954,27.85716852,4.799564167000000,-75.686720500000008,4.48184000,12.00,1477.40000000,15,9,2024
330.00,1.59,53.43005178,16.34361300,27.84815009,4.799581500000001,-75.686729666999994,6.79684000,11.00,1476.70000000,15,9,2024
390.00,1.55,56.85238518,1.08685730,28.16036938,4.799669333000000,-75.686749500000001,19.94604000,11.00,1476.70000000,15,9,2024
240.00,0.29,57.14239859,0.91610356,28.19506968,4.799723000000001,-75.686759167000001,19.74232000,12.00,1476.50000000,15,9,2024
300.00,0.29,57.20882657,0.91042247,28.19143269,4.799723000000001,-75.686759167000001,19.74232000,12.00,1476.50000000,15,9,2024
390.00,0.28,57.25441411,0.93055055,28.19553752,4.799897167000001,-75.686798832999997,20.90908000,10.00,1473.60000000,15,9,2024
300.00,0.29,57.28695966,0.91681544,28.20248019,4.799952667000001,-75.686813333000007,20.90908000,11.00,1473.00000000,15,9,2024
240.00,0.29,57.31249403,0.93309099,28.19891803,4.800030000000000,-75.686817000000008,11.68612000,9.00,1470.80000000,15,9,2024
180.00,0.71,57.29154961,1.00112449,28.14979888,4.800059167000000,-75.686813166999993,11.68612000,9.00,1470.60000000,15,9,2024
210.00,0.29,57.33098751,0.89935341,28.17811095,4.800109500000000,-75.686800999999999,8.63032000,9.00,1470.60000000,15,9,2024
300.00,0.29,57.35164970,0.90560680,28.16650361,4.800134500000001,-75.686796000000002,10.05636000,11.00,1469.10000000,15,9,2024
360.00,0.28,57.36339937,0.90623493,28.16990367,4.800134500000001,-75.686796000000002,10.05636000,11.00,1469.10000000,15,9,2024
300.00,0.28,57.37779309,0.90253594,28.16968972,4.800262667000001,-75.686760332999991,16.83468000,12.00,1467.60000000,15,9,2024
300.00,0.28,57.39035975,0.91079934,28.15992516,4.800262667000001,-75.686760332999991,16.83468000,12.00,1467.60000000,15,9,2024
300.00,0.26,57.39959906,0.90873349,28.14993703,4.800362000000000,-75.686699167000002,15.70496000,12.00,1463.50000000,15,9,2024
300.00,0.28,57.40409988,0.91321416,28.15692769,4.800396000000000,-75.686670000000004,15.70496000,12.00,1462.80000000,15,9,2024
270.00,0.28,57.41194290,0.91064580,28.13959075,4.800451333000000,-75.686615833000008,13.79740000,12.00,1462.20000000,15,9,2024
240.00,0.26,57.42115250,0.90864974,28.12898861,4.800475500000001,-75.686588833000003,13.81592000,12.00,1460.80000000,15,9,2024
300.00,0.28,57.43376372,0.90454596,28.12665831,4.800512500000000,-75.686529167000005,14.42708000,12.00,1460.80000000,15,9,2024
360.00,0.28,57.42826766,0.90418304,28.12333248,4.800534333000000,-75.686492833000000,16.89024000,12.00,1458.70000000,15,9,2024
420.00,0.29,57.43584331,0.90382012,28.12783494,4.800534333000000,-75.686492833000000,16.89024000,12.00,1458.70000000,15,9,2024
420.00,0.29,57.43370430,0.90073530,28.12742739,4.800636500000000,-75.686369666999997,22.92776000,12.00,1453.80000000,15,9,2024
390.00,0.29,57.44739987,0.89432837,28.11602490,4.800680000000000,-75.686337167000008,22.92776000,11.00,1453.20000000,15,9,2024
330.00,0.29,57.44564708,0.89356066,28.10581260,4.800773000000000,-75.686303499999993,17.50140000,12.00,1453.00000000,15,9,2024
330.00,0.29,57.44980625,0.88081659,28.10858128,4.800817333000001,-75.686297832999995,16.89024000,12.00,1452.70000000,15,9,2024
330.00,0.29,57.45870392,0.89344899,28.12157770,4.800903500000001,-75.686305000000002,16.79764000,12.00,1452.70000000,15,9,2024
360.00,0.29,57.44836540,0.88751665,28.11574893,4.800948167000000,-75.686302833000000,17.44584000,12.00,1450.90000000,15,9,2024
420.00,0.29,57.45650550,0.88292432,28.11241453,4.800948167000000,-75.686302833000000,17.44584000,12.00,1450.90000000,15,9,2024
420.00,0.28,57.46209068,0.88310578,28.11279230,4.801099667000000,-75.686316332999989,21.03872000,12.00,1448.70000000,15,9,2024
390.00,0.28,57.45696598,0.88117951,28.11097905,4.801099667000000,-75.686316332999989,21.03872000,12.00,1448.70000000,15,9,2024
300.00,0.28,57.44992509,0.87711760,28.10527728,4.801246833000001,-75.686339166999996,16.26056000,12.00,1446.70000000,15,9,2024
270.00,0.28,57.47958893,0.87393507,28.09255101,4.801281167000000,-75.686349500000007,13.26032000,12.00,1445.90000000,15,9,2024
180.00,0.28,57.45909013,0.86603459,28.09431382,4.801338333000001,-75.686374666999993,9.76004000,12.00,1445.90000000,15,9,2024
150.00,0.28,57.46443764,0.86458291,28.11153090,4.801356167000000,-75.686388667000006,8.37104000,12.00,1444.60000000,15,9,2024
90.00,0.28,57.47991572,0.87283235,28.10963890,4.801356167000000,-75.686388667000006,8.37104000,12.00,1444.60000000,15,9,2024
30.00,0.28,57.47384035,0.86997087,28.10123485,4.801382833000000,-75.686413166999999,2.16684000,12.00,1443.20000000,15,10,2024
0.00,0.28,57.47285997,0.86794690,28.08599968,4.801382833000000,-75.686413166999999,2.16684000,12.00,1443.20000000,15,10,2024
0.00,0.28,57.47403345,0.87128297,28.06429540,4.801382667000001,-75.686414166999993,0.51856000,12.00,1442.30000000,15,10,2024
0.00,0.28,57.48000484,0.87433987,28.05398387,4.801382500000000,-75.686413833000001,0.51856000,12.00,1442.00000000,15,10,2024
0.00,0.28,57.49188820,0.87932304,28.03153457,4.801384000000000,-75.686412333000010,0.38892000,12.00,1441.80000000,15,10,2024
0.00,0.28,57.49187335,0.87634988,28.01961109,4.801384500000001,-75.686411666999999,0.40744000,12.00,1441.70000000,15,10,2024
0.00,0.69,54.83032750,12.75884520,27.44337499,4.801384500000001,-75.686411666999999,0.40744000,12.00,1441.70000000,15,10,2024
90.00,0.94,55.19312648,8.19282612,27.55824655,4.801391667000000,-75.686412000000000,2.42612000,12.00,1441.50000000,15,10,2024
240.00,0.69,57.25283956,0.87528904,27.97653107,4.801391667000000,-75.686412000000000,2.42612000,12.00,1441.50000000,15,10,2024
210.00,0.66,55.54628509,7.63145905,27.62847776,4.801436167000001,-75.686448333000004,7.83396000,12.00,1439.20000000,15,10,2024
210.00,1.26,53.30711842,17.49041151,27.68943867,4.801452500000000,-75.686453499999997,7.83396000,12.00,1439.00000000,15,10,2024
300.00,1.45,53.16267618,17.18520996,27.59062510,4.801520667000001,-75.686440833000006,14.20484000,12.00,1440.60000000,15,10,2024
360.00,1.44,53.70437914,14.13058416,27.67960124,4.801558167000000,-75.686420166999992,15.90868000,12.00,1441.50000000,15,10,2024
420.00,1.36,55.10753658,7.26056902,27.85534573,4.801558167000000,-75.686420166999992,15.90868000,12.00,1441.50000000,15,10,2024
420.00,1.37,55.29505600,6.79505464,27.86916291,4.801634833000000,-75.686313832999996,17.37176000,12.00,1442.60000000,15,10,2024
420.00,1.36,55.59707160,6.06130069,27.90592705,4.801634833000000,-75.686313832999996,17.37176000,12.00,1442.60000000,15,10,2024
450.00,1.57,54.49716265,10.71871971,27.99294325,4.801724833000000,-75.686178832999999,22.16844000,11.00,1443.60000000,15,10,2024
330.00,1.56,54.83684850,8.64893250,28.01122741,4.801761000000000,-75.686134667000004,22.16844000,12.00,1444.10000000,15,10,2024
240.00,1.56,55.00395825,7.97868951,28.00956472,4.801842167000001,-75.686037833000003,23.11296000,12.00,1445.60000000,15,10,2024
210.00,1.56,55.10899229,7.92694552,27.99942380,4.801882167000001,-75.685996333000007,21.61284000,12.00,1446.00000000,15,10,2024
240.00,1.56,54.77714947,9.34686907,28.00954835,4.801948667000000,-75.685913333000005,20.70536000,12.00,1446.00000000,15,10,2024
270.00,1.57,54.50007407,10.19184397,27.99953504,4.801987833000000,-75.685868833000000,21.89064000,12.00,1448.30000000,15,10,2024
330.00,1.57,54.16430974,11.70668499,28.00820322,4.801987833000000,-75.685868833000000,21.89064000,12.00,1448.30000000,15,10,2024
450.00,1.58,54.17345992,12.28474637,27.99566156,4.802092167000000,-75.685731000000000,21.22392000,12.00,1448.50000000,15,10,2024
450.00,1.58,53.46509283,14.50193482,27.99576624,4.802139167000000,-75.685685332999996,21.22392000,10.00,1449.30000000,15,10,2024
420.00,1.59,53.09217814,16.32649994,27.87684933,4.802230167000001,-75.685609666999997,21.94620000,12.00,1449.70000000,15,10,2024
420.00,1.59,53.01566416,16.10862246,27.88821999,4.802275167000001,-75.685572832999996,21.94620000,12.00,1450.00000000,15,10,2024
420.00,1.59,52.94038307,16.38541857,27.86686066,4.802367500000000,-75.685500166999997,21.35356000,12.00,1450.00000000,15,10,2024
420.00,1.59,52.80357589,16.92519191,27.83099676,4.802410833000000,-75.685471000000008,19.50156000,12.00,1450.90000000,15,10,2024
390.00,1.60,52.81544440,17.16432811,27.73404689,4.802410833000000,-75.685471000000008,19.50156000,12.00,1450.90000000,15,10,2024
420.00,1.59,52.75013048,16.92639234,27.77928853,4.802535500000001,-75.685377333000003,19.63120000,12.00,1453.80000000,15,10,2024
420.00,1.59,52.68229135,16.70100521,27.80953828,4.802535500000001,-75.685377333000003,19.63120000,12.00,1453.80000000,15,10,2024
390.00,1.59,52.68018205,16.24283298,27.84958516,4.802663000000000,-75.685270000000004,20.64980000,11.00,1453.40000000,15,10,2024
420.00,1.59,52.69713069,16.47102575,27.79575065,4.802704667000001,-75.685239999999991,20.64980000,12.00,1453.20000000,15,10,2024
420.00,1.59,52.70085910,16.96966354,27.84174360,4.802783167000001,-75.685184667000005,17.11248000,12.00,1453.20000000,15,10,2024
390.00,0.63,56.23425736,1.26157525,27.96162489,4.802826667000000,-75.685150500000002,21.29800000,12.00,1455.10000000,15,10,2024
330.00,1.30,53.19872732,14.85871286,27.65260431,4.802826667000000,-75.685150500000002,21.29800000,12.00,1455.10000000,15,10,2024
330.00,1.00,54.48474454,9.98985121,27.76036752,4.802941667000000,-75.685055167000001,17.27916000,12.00,1453.70000000,15,10,2024
300.00,0.91,56.17935624,1.82407295,27.87757248,4.802941667000000,-75.685055167000001,17.27916000,12.00,1453.70000000,15,10,2024
240.00,1.11,52.80059020,17.21538813,27.52320113,4.803031333000000,-75.684974167000005,13.46404000,12.00,1451.80000000,15,10,2024
270.00,1.60,52.66483766,17.23442746,27.52100142,4.803055667000000,-75.684950500000001,13.46404000,12.00,1451.30000000,15,10,2024
270.00,1.60,52.69008980,17.13960769,27.57143955,4.803112667000000,-75.684909167000000,13.79740000,12.00,1452.00000000,15,11,2024
330.00,0.66,55.81334875,3.73135585,27.90959895,4.803142167000000,-75.684903332999997,12.09356000,12.00,1452.40000000,15,11,2024
330.00,1.60,52.62664751,17.23829395,27.57968515,4.803142167000000,-75.684903332999997,12.09356000,12.00,1452.40000000,15,11,2024
300.00,1.60,52.58554594,17.10020298,27.58352041,4.803228833000001,-75.684950167000000,11.77872000,12.00,1454.10000000,15,11,2024
300.00,1.58,52.56345775,17.18211118,27.62395194,4.803228833000001,-75.684950167000000,11.77872000,12.00,1454.10000000,15,11,2024
240.00,1.59,52.55784286,17.07626424,27.57320188,4.803255167000000,-75.685049832999995,13.48256000,12.00,1455.00000000,15,11,2024
270.00,1.60,52.53262043,17.04443897,27.60030835,4.803259333000000,-75.685081832999996,13.48256000,12.00,1455.20000000,15,11,2024
240.00,1.59,52.55172293,17.08518369,27.61115001,4.803268833000000,-75.685140999999998,12.03800000,12.00,1456.00000000,15,11,2024
240.00,1.60,52.47593680,17.08254554,27.60841420,4.803272167000001,-75.685170832999997,12.18616000,12.00,1456.80000000,15,11,2024
270.00,1.58,52.45656692,17.04302916,27.61814241,4.803285667000000,-75.685230833000005,12.13060000,12.00,1456.80000000,15,11,2024
240.00,1.29,52.45910699,17.11858626,27.65756142,4.803285167000001,-75.685261999999990,12.11208000,12.00,1459.50000000,15,11,2024
270.00,1.59,52.40588439,16.95717072,27.62240907,4.803285167000001,-75.685261999999990,12.11208000,12.00,1459.50000000,15,11,2024
270.00,1.59,52.44275252,17.16153642,27.63876853,4.803287333000000,-75.685362667000006,13.85296000,11.00,1461.80000000,15,11,2024
300.00,1.59,52.40187376,16.92347502,27.72310190,4.803297833000001,-75.685394333000006,13.85296000,10.00,1462.60000000,15,11,2024
300.00,1.42,52.36215363,17.02929405,27.69057112,4.803313500000000,-75.685467167000002,15.59384000,10.00,1463.20000000,15,11,2024
360.00,1.14,55.82931701,0.90141926,27.99337830,4.803323833000001,-75.685503667000002,14.79748000,12.00,1464.40000000,15,11,2024
330.00,0.28,56.09520719,0.84583671,28.05185974,4.803332333000001,-75.685590500000001,17.66808000,12.00,1464.40000000,15,11,2024
330.00,0.57,56.11058129,1.23005706,27.98792931,4.803332167000000,-75.685631000000004,15.81608000,12.00,1465.10000000,15,11,2024
270.00,1.02,55.14629119,4.83227293,27.80103553,4.803332167000000,-75.685631000000004,15.81608000,12.00,1465.10000000,15,11,2024
300.00,1.02,54.72622927,11.34812027,27.87105175,4.803342333000000,-75.685741167000006,14.03816000,12.00,1465.60000000,15,11,2024
300.00,0.93,56.12218242,1.77562316,27.96997085,4.803342333000000,-75.685741167000006,14.03816000,12.00,1465.60000000,15,11,2024
270.00,0.66,56.41833061,0.82579237,28.04207049,4.803345000000001,-75.685845999999994,14.76044000,12.00,1467.00000000,15,11,2024
300.00,0.28,56.46815159,0.83218534,28.06954278,4.803346833000000,-75.685882167000002,14.76044000,12.00,1467.10000000,15,11,2024
270.00,0.28,56.44313712,1.38791320,28.06313454,4.803345667000001,-75.685940333000001,14.24188000,12.00,1467.10000000,15,11,2024
300.00,0.28,56.56250547,0.83549350,28.03832219,4.803357000000000,-75.685973666999997,14.24188000,12.00,1468.80000000,15,11,2024
240.00,0.29,56.59766536,0.82397777,28.03728690,4.803357000000000,-75.685973666999997,14.24188000,12.00,1468.80000000,15,11,2024
210.00,0.30,56.63533561,0.82855614,27.99760478,4.803366167000000,-75.686071500000000,11.53796000,12.00,1470.10000000,15,11,2024
210.00,0.28,56.66245938,0.81762668,28.06111465,4.803366167000000,-75.686071500000000,11.53796000,12.00,1470.10000000,15,11,2024
180.00,0.89,54.36957993,10.26486063,27.60863679,4.803382167000000,-75.686144666999997,8.96368000,12.00,1471.20000000,15,11,2024
240.00,0.69,56.58414804,1.18540397,27.95061296,4.803392333000000,-75.686168333000001,8.96368000,12.00,1471.10000000,15,11,2024
240.00,0.41,56.69230147,1.11441129,28.05117140,4.803384833000000,-75.686206333000001,10.68604000,12.00,1471.10000000,15,11,2024
300.00,0.27,56.73842376,0.85245301,28.10012173,4.803369833000000,-75.686221500000003,13.07512000,12.00,1470.00000000,15,11,2024
390.00,0.25,56.76753799,0.85073613,28.09298760,4.803369833000000,-75.686221500000003,13.07512000,12.00,1470.00000000,15,11,2024
300.00,0.29,56.78466489,0.83973686,28.09709122,4.803290833000001,-75.686218999999992,12.98252000,12.00,1472.10000000,15,11,2024
270.00,0.28,56.80959023,0.84635317,28.09014168,4.803290833000001,-75.686218999999992,12.98252000,12.00,1472.10000000,15,11,2024
420.00,0.29,56.82159243,0.85440720,28.09992472,4.803151667000000,-75.686203000000009,20.52016000,12.00,1473.60000000,15,11,2024
420.00,0.29,56.84911726,0.84991258,28.10599323,4.803102833000000,-75.686202832999995,20.52016000,12.00,1474.20000000,15,11,2024
420.00,0.29,56.84862707,0.83841081,28.11417531,4.803001167000000,-75.686198500000001,19.68676000,12.00,1474.20000000,15,11,2024
390.00,0.29,56.86569455,0.84026729,28.11612346,4.802951667000001,-75.686198833000002,19.89048000,12.00,1476.20000000,15,11,2024
390.00,0.31,56.87821664,0.81927377,28.11830832,4.802951667000001,-75.686198833000002,19.89048000,12.00,1476.20000000,15,11,2024
360.00,1.43,53.74351996,15.10209243,27.87709038,4.802829833000000,-75.686234166999994,15.90868000,11.00,1479.00000000,15,11,2024
390.00,1.11,56.75396126,0.85211801,28.10237101,4.802829833000000,-75.686234166999994,15.90868000,11.00,1479.00000000,15,11,2024
390.00,0.29,56.82284018,0.85119675,28.12752599,4.802802167000001,-75.686381833000000,18.53852000,12.00,1480.90000000,15,12,2024
390.00,0.37,56.79537476,1.02865056,28.09662831,4.802805333000001,-75.686439666999998,18.53852000,12.00,1481.20000000,15,12,2024
360.00,0.48,56.87212642,0.88334307,28.13331774,4.802813833000000,-75.686541667000000,18.94596000,11.00,1482.00000000,15,12,2024
360.00,1.12,54.05269528,13.41715372,27.81035067,4.802817667000001,-75.686589832999997,18.18664000,10.00,1482.70000000,15,12,2024
390.00,1.21,55.52966324,4.92388225,27.95765866,4.802842667000001,-75.686687500000005,18.01996000,10.00,1482.70000000,15,12,2024
360.00,1.14,56.46677015,1.72163187,27.91130137,4.802855000000000,-75.686739000000002,18.63112000,12.00,1481.60000000,15,12,2024
390.00,1.28,55.84247784,4.75576666,28.06682714,4.802855000000000,-75.686739000000002,18.63112000,12.00,1481.60000000,15,12,2024
390.00,1.31,54.98596981,7.76656291,27.97087618,4.802889167000000,-75.686896833000005,19.66824000,11.00,1481.50000000,15,12,2024
420.00,1.21,55.92603271,4.14332561,28.07574907,4.802905000000000,-75.686948000000002,19.66824000,11.00,1480.90000000,15,12,2024
390.00,1.31,55.51219470,6.02545538,28.04713675,4.802931167000000,-75.687046499999990,20.07568000,11.00,1480.40000000,15,12,2024
390.00,1.28,56.46284864,1.63557801,28.08425380,4.802938500000000,-75.687099667000001,20.63128000,10.00,1480.30000000,15,12,2024
420.00,1.09,56.51859646,2.15326909,28.11229956,4.802953500000000,-75.687198499999990,18.16812000,10.00,1480.30000000,15,12,2024
360.00,1.33,54.64164945,9.48568588,27.91829475,4.802976167000000,-75.687245000000000,19.89048000,12.00,1479.90000000,15,12,2024
390.00,1.35,54.62034853,8.70115107,27.98513327,4.802976167000000,-75.687245000000000,19.89048000,12.00,1479.90000000,15,12,2024
420.00,1.29,56.38510176,1.90948472,28.09537419,4.803008500000000,-75.687395332999996,19.90900000,12.00,1479.20000000,15,12,2024
420.00,1.26,54.96452034,8.75529591,28.05967523,4.803014833000000,-75.687447000000007,19.90900000,12.00,1479.10000000,15,12,2024
390.00,0.99,56.56754105,1.52132808,28.11154075,4.803027500000000,-75.687538666999998,15.59384000,11.00,1481.20000000,15,12,2024
390.00,1.25,55.78771040,5.31555642,27.99853717,4.803032667000000,-75.687588833000010,18.92744000,12.00,1480.90000000,15,12,2024
360.00,1.10,55.86487797,5.11516888,28.10066351,4.803045000000000,-75.687694332999999,18.87188000,12.00,1480.90000000,15,12,2024
360.00,1.21,55.33000794,5.39429605,28.09307951,4.803051167000000,-75.687744832999994,18.92744000,11.00,1481.50000000,15,12,2024
390.00,1.25,55.65616160,5.77153718,28.06053428,4.803051167000000,-75.687744832999994,18.92744000,11.00,1481.50000000,15,12,2024
390.00,1.28,56.02851184,3.16450311,28.11757235,4.803112333000000,-75.687866333000002,16.27908000,12.00,1483.00000000,15,12,2024
390.00,1.19,56.69611900,0.91868587,28.13648037,4.803112333000000,-75.687866333000002,16.27908000,12.00,1483.00000000,15,12,2024
420.00,0.28,56.80153926,0.83164096,28.15199622,4.803139167000001,-75.688027667000001,20.42756000,12.00,1484.80000000,15,12,2024
330.00,0.29,56.83494635,0.82517820,28.16158033,4.803140333000000,-75.688084166999995,20.42756000,11.00,1484.70000000,15,12,2024
270.00,0.29,56.84984512,0.82489903,28.15716788,4.803134500000000,-75.688194167000002,17.33472000,11.00,1484.70000000,15,12,2024
300.00,0.28,56.86835345,0.82157692,28.15852674,4.803127833000000,-75.688240832999991,17.20508000,12.00,1486.70000000,15,12,2024
300.00,0.26,56.88790158,0.82094879,28.14079422,4.803127833000000,-75.688240832999991,17.20508000,12.00,1486.70000000,15,12,2024
450.00,0.24,56.91206936,0.82790010,28.16095181,4.803180500000000,-75.688386167000007,19.11264000,11.00,1488.60000000,15,12,2024
420.00,0.33,56.92757714,0.84231918,28.16043190,4.803180500000000,-75.688386167000007,19.11264000,11.00,1488.60000000,15,12,2024
360.00,0.29,56.92998353,0.82813739,28.15331865,4.803229500000001,-75.688538167000007,18.52000000,11.00,1487.50000000,15,12,2024
330.00,0.30,56.95159639,0.82898886,28.16557220,4.803241667000000,-75.688609499999994,18.52000000,11.00,1487.50000000,15,12,2024
300.00,0.32,56.95453752,0.82785822,28.17361690,4.803292500000000,-75.688727166999996,24.65012000,10.00,1488.50000000,15,12,2024
360.00,0.28,56.96826280,0.84004395,28.16096827,4.803321833000000,-75.688782999999997,24.70568000,11.00,1489.70000000,15,12,2024
330.00,0.23,56.96777261,0.82951928,28.15282849,4.803321833000000,-75.688782999999997,24.70568000,11.00,1489.70000000,15,12,2024
390.00,0.29,56.98481038,0.83644267,28.15035807,4.803403000000001,-75.688947999999998,23.40928000,11.00,1492.00000000,15,12,2024
360.00,0.29,56.98316156,0.82816531,28.16473626,4.803403000000001,-75.688947999999998,23.40928000,11.00,1492.00000000,15,12,2024
390.00,0.29,56.99532715,0.83747560,28.17482841,4.803482333000000,-75.689097667000000,19.13116000,10.00,1492.30000000,15,12,2024
240.00,0.32,57.00046670,0.83850852,28.16965680,4.803496333000000,-75.689115000000004,19.13116000,11.00,1494.10000000,15,12,2024
300.00,0.28,57.01101319,0.84444086,28.16458816,4.803548667000001,-75.689196667000002,15.37160000,10.00,1492.90000000,15,12,2024
270.00,0.28,57.02011881,0.84610192,28.15640128,4.803570833000001,-75.689239666999998,13.79740000,11.00,1491.70000000,15,12,2024
270.00,0.28,57.02641699,0.83296702,28.16778064,4.803612833000000,-75.689305666999997,12.20468000,11.00,1491.70000000,15,13,2024
240.00,0.28,57.02246577,0.83506078,28.15187451,4.803629500000000,-75.689332500000006,10.90828000,11.00,1489.80000000,15,13,2024
210.00,0.38,57.02961064,1.31860948,28.15289099,4.803629500000000,-75.689332500000006,10.90828000,11.00,1489.80000000,15,13,2024
300.00,1.47,53.20609500,17.30032531,27.73619233,4.803675833000000,-75.689404832999995,10.76012000,11.00,1483.90000000,15,13,2024
210.00,1.64,53.05724106,17.30737433,27.77513396,4.803696167000000,-75.689421333000002,10.76012000,10.00,1483.70000000,15,13,2024
300.00,1.64,52.96094129,17.01923000,27.79585134,4.803774333000000,-75.689419666999997,15.31604000,11.00,1481.60000000,15,13,2024
300.00,1.64,52.90458445,17.28210953,27.77583175,4.803823833000000,-75.689410832999994,18.66816000,10.00,1481.60000000,15,13,2024
330.00,1.55,52.86201231,17.24137877,27.82751404,4.803909833000000,-75.689394500000002,15.61236000,10.00,1481.60000000,15,13,2024
60.00,1.63,52.84547959,16.98859120,27.77384876,4.803938333000000,-75.689382167000003,12.79732000,9.00,1481.50000000,15,13,2024
0.00,0.32,56.46054624,0.86177726,28.08721071,4.803938333000000,-75.689382167000003,12.79732000,9.00,1481.50000000,15,13,2024
180.00,0.34,56.57073470,0.85990683,28.10171427,4.804076833000000,-75.689351833000007,14.39004000,10.00,1481.30000000,15,13,2024
420.00,1.11,54.08552306,4.60374515,27.64644955,4.804076833000000,-75.689351833000007,14.39004000,10.00,1481.30000000,15,13,2024
390.00,1.40,52.90106401,17.24967009,27.69745094,4.804160333000001,-75.689345499999998,9.18592000,10.00,1481.80000000,15,13,2024
330.00,1.62,52.81600886,17.16203893,27.63644656,4.804160333000001,-75.689345499999998,9.18592000,8.00,1484.40000000,15,13,2024
300.00,1.50,52.73597443,17.14339043,27.61247608,4.804173000000001,-75.689372666999998,2.29648000,8.00,1484.40000000,15,13,2024
210.00,1.11,56.11748849,1.24775638,27.77165498,4.804166833000000,-75.689380499999998,2.85208000,11.00,1490.50000000,15,13,2024
360.00,1.19,52.69762088,17.33305788,27.62873280,4.804166833000000,-75.689380499999998,2.85208000,11.00,1490.50000000,15,13,2024
300.00,0.98,52.90936750,14.29692704,27.66945369,4.804147500000000,-75.689417000000007,2.92616000,11.00,1501.50000000,15,13,2024
390.00,1.07,52.94223985,16.21814047,27.61457016,4.804147500000000,-75.689417000000007,2.92616000,11.00,1501.50000000,15,13,2024
330.00,1.08,52.60592591,17.17465737,27.63241021,4.804121500000000,-75.689375332999997,8.96368000,11.00,1501.90000000,15,13,2024
330.00,1.14,52.57323181,17.20764119,27.62524311,4.804109833000000,-75.689356999999999,8.96368000,11.00,1501.60000000,15,13,2024
300.00,1.59,52.58927435,17.17806323,27.60218219,4.804081833000000,-75.689339666999995,7.50060000,11.00,1501.60000000,15,13,2024
30.00,1.65,52.51937048,17.19348732,27.66150447,4.804074000000000,-75.689332832999998,5.07448000,11.00,1506.80000000,15,13,2024
180.00,1.65,52.52342568,17.12966928,27.69741858,4.804074000000000,-75.689332832999998,5.07448000,11.00,1506.80000000,15,13,2024
90.00,1.65,52.48471563,17.06194287,27.53832730,4.804070500000000,-75.689299167000001,4.83372000,12.00,1512.00000000,15,13,2024
90.00,1.65,52.45787409,16.99758044,27.62498810,4.804070500000000,-75.689299167000001,4.83372000,12.00,1512.00000000,15,13,2024
90.00,1.63,52.46299879,17.10434864,27.66857429,4.804050333000001,-75.689269499999998,7.09316000,12.00,1518.30000000,15,13,2024
210.00,1.54,52.40442868,17.14246918,27.60695606,4.804051167000000,-75.689252999999991,7.09316000,12.00,1519.20000000,15,13,2024
240.00,1.64,52.34994348,17.01433059,27.65030056,4.804030833000000,-75.689191167000000,11.07496000,11.00,1520.90000000,15,13,2024
330.00,1.50,52.43990051,17.00497842,27.65370940,4.804019667000001,-75.689160666999999,11.18608000,11.00,1522.90000000,15,13,2024
330.00,1.11,53.54808325,6.94213485,27.76484756,4.803996833000001,-75.689080167000000,14.68636000,11.00,1522.90000000,15,13,2024
330.00,1.38,52.39156495,17.58729713,27.62317404,4.803981667000001,-75.689040500000004,14.39004000,11.00,1525.10000000,15,13,2024
30.00,1.62,52.39911088,17.06046327,27.59512612,4.803981667000001,-75.689040500000004,14.39004000,11.00,1525.10000000,15,13,2024
0.00,1.65,52.36565922,17.12811989,27.62792571,4.803942333000001,-75.688956332999994,10.05636000,11.00,1527.70000000,15,13,2024
240.00,1.57,52.35852920,17.03331408,27.68498697,4.803931167000000,-75.688904167000004,10.05636000,10.00,1528.80000000,15,13,2024
360.00,1.59,52.37666618,17.32297988,27.68598013,4.803897000000000,-75.688837167000002,11.51944000,10.00,1531.40000000,15,13,2024
420.00,1.49,53.02263078,13.48362387,27.75022279,4.803887500000000,-75.688815167000003,8.85256000,11.00,1533.40000000,15,13,2024
390.00,1.42,52.91422483,11.97277496,27.67371857,4.803865000000000,-75.688777667000000,8.13028000,11.00,1533.40000000,15,13,2024
300.00,1.30,53.92771204,7.48359717,27.80371896,4.803850500000001,-75.688763167000008,7.40800000,11.00,1538.30000000,15,13,2024
360.00,0.26,55.90140445,0.88131909,28.01285746,4.803850500000001,-75.688763167000008,7.40800000,11.00,1538.30000000,15,13,2024
300.00,0.29,56.02166405,0.88314765,28.00983637,4.803837667000000,-75.688657332999991,11.01940000,11.00,1540.60000000,15,13,2024
330.00,0.58,56.08167502,0.86237747,27.94493718,4.803837667000000,-75.688657332999991,11.01940000,11.00,1540.60000000,15,13,2024
240.00,0.29,56.16135295,0.85063842,28.01248758,4.803856833000001,-75.688514832999995,7.22280000,12.00,1536.20000000,15,14,2024
240.00,0.27,56.21821482,0.84950778,28.01284764,4.803872000000001,-75.688494332999995,7.22280000,11.00,1532.60000000,15,14,2024
270.00,0.33,56.22305729,1.52332414,28.01834404,4.803880000000001,-75.688448832999997,6.29680000,9.00,1528.40000000,15,14,2024
180.00,0.94,55.63316730,4.48706645,27.97347467,4.803859167000000,-75.688437832999992,8.38956000,10.00,1527.80000000,15,14,2024
150.00,1.13,55.59678937,3.61443986,27.90906086,4.803778667000000,-75.688418500000000,15.00120000,10.00,1527.80000000,15,14,2024
330.00,0.28,56.32532846,0.90271740,28.03975068,4.803740500000000,-75.688392332999994,13.13068000,10.00,1528.00000000,15,14,2024
210.00,0.32,56.36436530,0.90428075,28.04180180,4.803740500000000,-75.688392332999994,13.13068000,10.00,1528.00000000,15,14,2024
60.00,0.32,56.40375864,0.90781224,28.05731462,4.803631833000000,-75.688341832999999,12.61212000,10.00,1525.70000000,15,14,2024
60.00,0.30,56.42739167,0.90446221,28.06642047,4.803631833000000,-75.688341832999999,12.61212000,10.00,1525.70000000,15,14,2024
30.00,0.32,56.45671386,0.89450983,28.05643927,4.803520333000000,-75.688290499999997,12.88992000,11.00,1526.40000000,15,14,2024
60.00,1.06,54.27694913,9.10404784,27.77256038,4.803473333000001,-75.688266333000004,12.88992000,9.00,1525.10000000,15,14,2024
150.00,0.97,56.28219186,1.27553370,27.99981314,4.803377167000000,-75.688257167000001,13.14920000,11.00,1523.00000000,15,14,2024
90.00,0.32,56.46727520,0.85315094,28.06357724,4.803342667000000,-75.688258000000008,11.66760000,11.00,1522.80000000,15,14,2024
150.00,0.30,56.49888493,0.85761764,28.06682714,4.803271500000001,-75.688256833000000,11.88984000,11.00,1522.80000000,15,14,2024
120.00,1.04,55.26482771,5.64923322,27.84112223,4.803233000000000,-75.688261667000009,12.77880000,11.00,1522.10000000,15,14,2024
90.00,1.25,54.72417939,8.72563420,27.83308465,4.803233000000000,-75.688261667000009,12.77880000,11.00,1522.10000000,15,14,2024
90.00,0.32,56.49269073,0.84381273,28.08371233,4.803132500000001,-75.688253333000004,9.26000000,11.00,1521.30000000,15,14,2024
30.00,0.34,56.52837052,0.83198992,28.09098853,4.803132500000001,-75.688253333000004,9.26000000,11.00,1521.30000000,15,14,2024
150.00,0.82,56.40923984,1.50392189,28.00194968,4.802987333000000,-75.688190167000000,11.63056000,11.00,1519.10000000,15,14,2024
390.00,1.11,54.54502288,9.79799228,27.81612587,4.802943833000001,-75.688169166999994,11.63056000,11.00,1517.80000000,15,14,2024
360.00,0.78,56.50047433,1.01007186,28.03209796,4.802830167000000,-75.688161332999994,16.40872000,12.00,1513.70000000,15,14,2024
330.00,0.27,56.57624561,0.84565525,28.10532326,4.802780333000001,-75.688179000000008,16.81616000,12.00,1511.70000000,15,14,2024
330.00,0.28,56.62172917,0.83792227,28.10143515,4.802728333000001,-75.688223832999996,11.87132000,12.00,1511.70000000,15,14,2024
360.00,0.28,56.62963160,0.83020324,28.11541712,4.802701833000001,-75.688239333000000,11.33424000,12.00,1507.10000000,15,14,2024
330.00,0.28,56.66023125,0.83614954,28.12366110,4.802701833000001,-75.688239333000000,11.33424000,12.00,1507.10000000,15,14,2024
360.00,0.28,56.66245938,0.83647059,28.12411132,4.802564667000001,-75.688275666999995,13.57516000,9.00,1506.90000000,15,14,2024
330.00,0.31,56.68514175,0.81320185,28.09605049,4.802564667000001,-75.688275666999995,13.57516000,9.00,1506.90000000,15,14,2024
330.00,0.28,56.67997249,0.82319610,28.14058377,4.802419667000000,-75.688360833000007,16.26056000,10.00,1495.10000000,15,14,2024
300.00,0.26,56.67666000,0.97033214,28.12363809,4.802381667000000,-75.688394333000008,16.26056000,10.00,1494.50000000,15,14,2024
360.00,0.31,56.69377204,0.82858406,28.15055543,4.802306500000001,-75.688450000000004,13.20476000,11.00,1495.90000000,15,14,2024
300.00,0.29,56.71217639,0.83630309,28.14299086,4.802274333000000,-75.688468000000002,10.46380000,12.00,1495.40000000,15,14,2024
360.00,0.31,56.73681951,0.82901677,28.13675326,4.802213667000001,-75.688518166999996,11.22312000,12.00,1495.40000000,15,14,2024
330.00,0.31,56.73399721,0.83524224,28.15082516,4.802189833000000,-75.688545332999996,11.92688000,11.00,1495.70000000,15,14,2024
330.00,0.33,56.74586572,0.81560270,28.14448059,4.802189833000000,-75.688545332999996,11.92688000,11.00,1495.70000000,15,14,2024
330.00,0.32,56.76015546,0.82551320,28.15157516,4.802127167000000,-75.688725166999999,15.74200000,11.00,1492.00000000,15,14,2024
330.00,0.32,56.75580318,0.82376840,28.17056530,4.802127167000000,-75.688725166999999,15.74200000,11.00,1492.00000000,15,14,2024
210.00,0.29,56.77062767,0.82850031,28.16649373,4.802107000000001,-75.688829999999995,18.07552000,11.00,1488.50000000,15,14,2024
240.00,0.32,56.78516993,0.82524799,28.17031842,4.802112167000000,-75.688875999999991,18.07552000,11.00,1487.40000000,15,14,2024
180.00,0.33,56.77055340,0.82862594,28.16703679,4.802125333000001,-75.688968666999993,17.76068000,11.00,1487.40000000,15,14,2024
60.00,0.32,56.78003038,0.81923190,28.18671914,4.802133167000000,-75.689017332999997,17.76068000,11.00,1484.50000000,15,14,2024
60.00,0.32,56.78779912,0.81948315,28.17590499,4.802133167000000,-75.689017332999997,17.76068000,11.00,1484.50000000,15,14,2024
90.00,0.33,56.79136413,0.83327410,28.19419004,4.802141833000001,-75.689159999999997,19.44600000,11.00,1484.00000000,15,14,2024
210.00,0.32,56.81263535,0.83644267,28.17227047,4.802141833000001,-75.689159999999997,19.44600000,11.00,1484.00000000,15,14,2024
240.00,0.31,56.82894526,0.83506078,28.18235214,4.802192167000001,-75.689310500000006,19.87196000,11.00,1481.20000000,15,15,2024
360.00,0.25,56.82985136,0.84180272,28.18302065,4.802198667000000,-75.689363332999999,19.87196000,11.00,1479.90000000,15,15,2024
270.00,0.32,56.82015157,0.84037895,28.18144656,4.802227500000000,-75.689460999999997,19.57564000,10.00,1479.40000000,15,15,2024
150.00,0.32,56.82977709,0.84106292,28.18909723,4.802249167000001,-75.689504333000003,18.31628000,10.00,1479.10000000,15,15,2024
240.00,0.31,56.84454217,0.85976724,28.18954190,4.802298333000000,-75.689575666999999,14.51968000,10.00,1479.10000000,15,15,2024
330.00,0.32,56.84238831,0.85489574,28.18512507,4.802338000000000,-75.689598500000005,13.55664000,10.00,1476.10000000,15,15,2024
240.00,0.33,56.85586107,0.85823181,28.17487121,4.802338000000000,-75.689598500000005,13.55664000,10.00,1476.10000000,15,15,2024
270.00,0.29,56.84430450,0.86180518,28.18105799,4.802523167000001,-75.689612667000005,22.98332000,10.00,1475.20000000,15,15,2024
330.00,0.32,56.85654436,0.85207614,28.17259637,4.802523167000001,-75.689612667000005,22.98332000,10.00,1475.20000000,15,15,2024
270.00,0.32,56.85488069,0.84393836,28.17083523,4.802673833000000,-75.689599166999999,16.76060000,10.00,1474.80000000,15,15,2024
120.00,0.32,56.87006168,0.86318706,28.16195547,4.802721000000000,-75.689589999999995,16.76060000,10.00,1474.60000000,15,15,2024
300.00,0.29,56.88136573,0.86804461,28.15761863,4.802788833000001,-75.689577666999996,10.68604000,10.00,1473.10000000,15,15,2024
270.00,0.29,56.87119060,0.87396299,28.15994491,4.802819333000001,-75.689568667000006,9.38964000,10.00,1472.60000000,15,15,2024
270.00,0.44,56.88224213,0.86958004,28.12922197,4.802878333000000,-75.689585167000004,6.68572000,10.00,1472.60000000,15,15,2024
210.00,1.17,53.56919107,11.97484081,27.62095020,4.802905333000000,-75.689573499999998,6.38940000,11.00,1473.30000000,15,15,2024
210.00,1.04,53.52482157,14.59593104,27.71833710,4.802905333000000,-75.689573499999998,6.38940000,11.00,1473.30000000,15,15,2024
210.00,0.97,56.49417615,1.01481773,27.89913236,4.802909333000000,-75.689532999999995,8.50068000,11.00,1476.10000000,15,15,2024
210.00,0.31,56.68073005,0.87156214,28.14197144,4.802909333000000,-75.689532999999995,8.50068000,11.00,1476.10000000,15,15,2024
120.00,0.43,56.73518555,0.87528904,28.13592475,4.802922167000001,-75.689548499999999,0.35188000,11.00,1474.60000000,15,15,2024
0.00,0.35,56.74427632,0.87237173,28.12399958,4.802922167000001,-75.689548499999999,0.35188000,11.00,1473.70000000,15,15,2024
0.00,0.65,56.48388219,2.08115972,27.68203035,4.802926667000001,-75.689561333000003,0.05556000,10.00,1471.90000000,15,15,2024
0.00,0.47,56.68913753,1.27611995,28.08482809,4.802927333000000,-75.689562832999994,0.92600000,11.00,1471.50000000,15,15,2024
0.00,0.94,53.63903552,14.87572821,27.62371308,4.802922333000000,-75.689562499999993,0.79636000,11.00,1471.50000000,15,15,2024
180.00,0.99,53.10129862,16.66387573,27.60436904,4.802920500000000,-75.689562499999993,1.83348000,11.00,1472.40000000,15,15,2024
270.00,0.88,54.68707360,8.09824365,27.63613009,4.802920500000000,-75.689562499999993,1.83348000,11.00,1472.40000000,15,15,2024
330.00,0.71,56.22405252,2.35623894,27.93655626,4.802901500000000,-75.689541167000005,7.57468000,11.00,1471.70000000,15,15,2024
120.00,0.32,56.58319737,0.86212622,28.08722384,4.802895333000001,-75.689528999999993,7.57468000,11.00,1471.90000000,15,15,2024
0.00,0.29,56.64178234,0.86521104,28.08076891,4.802897500000001,-75.689519000000000,0.66672000,11.00,1472.60000000,15,15,2024
0.00,0.00,56.69818373,0.81348102,28.08519893,4.802902167000000,-75.689515166999994,0.35188000,12.00,1472.30000000,15,15,2024
0.00,0.00,56.72489159,0.81317393,28.08550085,4.802908500000000,-75.689508000000005,0.16668000,12.00,1472.30000000,15,15,2024
0.00,0.00,56.74797501,0.81172225,28.08274756,4.802910667000000,-75.689507667000004,0.38892000,11.00,1471.70000000,15,15,2024
60.00,0.00,56.75289175,0.82122796,28.08198956,4.802910667000000,-75.689507667000004,0.38892000,11.00,1471.70000000,15,15,2024
90.00,0.00,56.76648335,0.81424873,28.08409628,4.802913333000001,-75.689499332999998,0.03704000,10.00,1471.70000000,15,15,2024
60.00,0.00,56.77826273,0.81226663,28.08638038,4.802913333000001,-75.689499332999998,0.03704000,10.00,1471.70000000,15,15,2024
0.00,0.00,56.79687504,0.81302039,28.08500858,4.802915667000000,-75.689493999999992,0.01852000,9.00,1471.60000000,15,15,2024
0.00,0.00,56.80097480,0.81493270,28.08376812,4.802915667000000,-75.689493999999992,0.01852000,9.00,1471.60000000,15,15,2024
0.00,0.00,56.80982790,0.80672513,28.09410373,4.802918000000000,-75.689491499999999,0.07408000,9.00,1471.50000000,15,15,2024
0.00,0.00,56.82913836,0.81144308,28.08463775,4.802918167000000,-75.689491000000002,0.11112000,11.00,1471.40000000,15,15,2024
0.00,0.00,56.82313726,0.80404510,28.08915700,4.802918167000000,-75.689491000000002,0.11112000,11.00,1471.40000000,15,15,2024
0.00,0.00,56.84638409,0.81532353,28.07873462,4.802919167000000,-75.689488333000003,0.03704000,10.00,1471.20000000,15,15,2024
0.00,0.00,56.85057297,0.81578416,28.07973862,4.802919167000000,-75.689488333000003,0.03704000,10.00,1471.20000000,15,15,2024
0.00,0.00,56.86085208,0.81547707,28.08310525,4.802921500000000,-75.689486167000001,0.09260000,10.00,1470.50000000,15,16,2024
0.00,0.00,56.85559369,0.81281101,28.08155642,4.802922000000000,-75.689485332999995,0.09260000,10.00,1470.20000000,15,16,2024
0.00,0.00,56.86535290,0.81819897,28.07466976,4.802921667000000,-75.689482999999997,0.11112000,10.00,1470.00000000,15,16,2024
0.00,0.00,56.89125863,0.82327985,28.07755021,4.802921833000000,-75.689482333000004,0.01852000,10.00,1469.90000000,15,16,2024
0.00,0.00,56.88960981,0.82533174,28.07658565,4.802922167000001,-75.689480167000002,0.07408000,10.00,1469.90000000,15,16,2024
0.00,0.00,56.89642789,0.82050212,28.08177299,4.802922667000000,-75.689478332999993,0.31484000,11.00,1470.00000000,15,16,2024
0.00,0.00,56.89277375,0.81378810,28.07624774,4.802922667000000,-75.689478332999993,0.31484000,11.00,1470.00000000,15,16,2024
0.00,0.00,56.90611283,0.81429061,28.07312140,4.802926000000001,-75.689473500000001,0.24076000,11.00,1470.90000000,15,16,2024
0.00,0.00,56.90165657,0.81391373,28.07018893,4.802926333000001,-75.689471832999997,0.24076000,10.00,1471.50000000,15,16,2024
0.00,0.00,56.90277063,0.82683925,28.07240301,4.802924833000000,-75.689473332999996,0.14816000,10.00,1469.30000000,15,16,2024
0.00,0.00,56.91463914,0.80967036,28.07555880,4.802923833000001,-75.689474667000000,0.27780000,10.00,1468.50000000,15,16,2024
0.00,0.00,56.92848325,0.82075337,28.07344944,4.802924167000001,-75.689476999999998,0.11112000,10.00,1468.50000000,15,16,2024
0.00,0.00,56.92738404,0.81110808,28.07566706,4.802927000000001,-75.689477999999992,0.14816000,10.00,1467.30000000,15,16,2024
0.00,0.00,56.92777025,0.81567249,28.07686780,4.802927000000001,-75.689477999999992,0.14816000,10.00,1467.30000000,15,16,2024
0.00,0.00,56.93873265,0.81684500,28.06486272,4.802933333000001,-75.689483499999994,0.07408000,11.00,1465.60000000,15,16,2024
0.00,0.00,56.92900315,0.82611342,28.07707449,4.802933333000001,-75.689483499999994,0.07408000,11.00,1465.60000000,15,16,2024
0.00,0.00,56.93905944,0.81751501,28.06840467,4.802936000000000,-75.689488999999996,0.07408000,10.00,1464.00000000,15,16,2024
0.00,0.00,56.95017038,0.81130350,28.06507916,4.802936333000000,-75.689489499999993,0.07408000,11.00,1463.10000000,15,16,2024
0.00,0.47,56.92956761,0.94502547,28.06255414,4.802938000000001,-75.689487333000000,0.40744000,11.00,1462.80000000,15,16,2024
30.00,1.02,53.69062415,14.75920306,27.48749044,4.802938000000001,-75.689488999999996,0.20372000,11.00,1462.40000000,15,16,2024
90.00,1.07,53.17457439,16.87559753,27.54537851,4.802937667000001,-75.689477667000009,2.75948000,11.00,1462.40000000,15,16,2024
180.00,0.95,53.09609965,16.67473540,27.63532278,4.802929833000001,-75.689475000000001,3.66696000,12.00,1461.80000000,15,16,2024
180.00,0.98,53.84087439,16.12935076,27.61338919,4.802929833000001,-75.689475000000001,3.66696000,12.00,1461.80000000,15,16,2024
210.00,1.04,53.07482844,16.32326158,27.62238002,4.802920167000000,-75.689431333000003,5.55600000,12.00,1461.70000000,15,16,2024
210.00,1.07,52.91603704,16.69334202,27.65726732,4.802917333000000,-75.689426166999993,5.55600000,12.00,1461.40000000,15,16,2024
240.00,1.31,52.88368459,16.67635458,27.59582906,4.802892167000000,-75.689380499999998,9.76004000,11.00,1463.00000000,15,16,2024
240.00,1.37,52.82835270,16.64264492,27.54920256,4.802881500000000,-75.689360832999996,9.57484000,12.00,1464.30000000,15,16,2024
240.00,1.61,52.76999054,16.61651470,27.63458654,4.802864833000000,-75.689315832999994,10.63048000,12.00,1464.30000000,15,16,2024
270.00,1.59,52.75369549,16.44475595,27.54851689,4.802858833000001,-75.689292332999995,10.27860000,8.00,1466.10000000,15,16,2024
270.00,1.60,52.73884129,16.45484791,27.61304395,4.802858833000001,-75.689292332999995,10.27860000,8.00,1466.10000000,15,16,2024
270.00,1.59,52.71767405,16.44398823,27.71834682,4.802826500000000,-75.689222499999999,8.63032000,9.00,1467.30000000,15,16,2024
270.00,1.60,52.66728861,16.55673065,27.66954746,4.802826500000000,-75.689222499999999,8.63032000,9.00,1467.30000000,15,16,2024
300.00,1.60,52.65270178,16.39345863,27.68565662,4.802788333000000,-75.689119500000003,13.48256000,10.00,1468.70000000,15,16,2024
330.00,1.61,52.60919383,16.91677496,27.70220892,4.802771000000000,-75.689088999999993,13.46404000,10.00,1470.30000000,15,16,2024
330.00,1.40,52.61128827,16.40925960,27.59620957,4.802751500000001,-75.689008500000003,15.70496000,10.00,1470.30000000,15,16,2024
330.00,1.48,52.58157987,16.73636197,27.68281315,4.802740667000001,-75.688967500000003,16.55688000,11.00,1473.00000000,15,16,2024
390.00,0.82,55.83539238,1.28510920,27.99353858,4.802740667000001,-75.688967500000003,16.55688000,11.00,1473.00000000,15,16,2024
330.00,1.25,53.03084515,14.80945348,27.65725117,4.802708000000000,-75.688839833000001,16.53836000,10.00,1477.50000000,15,16,2024
360.00,1.61,52.56406677,16.20676434,27.70282719,4.802708000000000,-75.688839833000001,16.53836000,10.00,1477.50000000,15,16,2024
360.00,0.32,55.95140368,0.89541713,28.03990467,4.802677000000000,-75.688735167000000,15.20492000,10.00,1483.60000000,15,16,2024
360.00,0.82,55.74216742,4.37506383,27.94521801,4.802669167000001,-75.688702667000002,15.20492000,10.00,1485.50000000,15,16,2024
300.00,1.63,52.65699465,16.94653438,27.67254154,4.802647167000000,-75.688643999999998,11.59352000,11.00,1487.50000000,15,17,2024
360.00,0.27,56.03333945,0.88048159,28.05790803,4.802637167000001,-75.688614499999999,12.26024000,11.00,1488.30000000,15,17,2024
300.00,1.24,52.93121803,14.82170901,27.71773791,4.802620167000000,-75.688545000000004,13.90852000,11.00,1488.30000000,15,17,2024
330.00,1.60,52.65007259,16.70065625,27.66054128,4.802610667000000,-75.688504332999997,14.79748000,11.00,1490.10000000,15,17,2024
360.00,1.61,52.62948467,16.51209152,27.71527329,4.802610667000000,-75.688504332999997,14.79748000,11.00,1490.10000000,15,17,2024
420.00,1.57,53.29383876,8.95671637,28.02944489,4.802580000000000,-75.688388333000009,15.29752000,11.00,1489.40000000,15,17,2024
360.00,0.73,55.90866815,0.94563964,27.99853390,4.802571000000001,-75.688335667000004,15.29752000,11.00,1487.20000000,15,17,2024
270.00,0.69,55.98843520,1.06597546,27.98454466,4.802566667000000,-75.688228167000008,16.13092000,11.00,1483.50000000,15,17,2024
240.00,0.42,56.13616022,0.94259670,28.02395286,4.802545500000000,-75.688158333000004,22.07584000,11.00,1481.30000000,15,17,2024
240.00,0.39,56.11070012,1.23876714,27.93885448,4.802526333000001,-75.688077832999995,13.07512000,11.00,1481.30000000,15,17,2024
240.00,0.52,56.22492892,0.92686552,28.01803302,4.802516833000001,-75.688057500000001,8.57476000,11.00,1479.20000000,15,17,2024
270.00,0.76,56.24906700,0.91643856,28.03098430,4.802516833000001,-75.688057500000001,8.57476000,11.00,1479.20000000,15,17,2024
420.00,0.27,56.28972294,0.91921629,28.02614038,4.802442667000001,-75.687921167000000,10.53788000,11.00,1476.60000000,15,17,2024
390.00,0.56,56.08070949,1.98326910,27.92232392,4.802442667000001,-75.687921167000000,10.53788000,11.00,1476.60000000,15,17,2024
390.00,1.37,54.30688035,9.19786259,27.76214194,4.802430167000000,-75.687836000000006,12.98252000,10.00,1478.20000000,15,17,2024
420.00,1.47,54.60083011,6.32676253,27.89358438,4.802414667000000,-75.687809333000002,9.53780000,10.00,1479.40000000,15,17,2024
270.00,0.42,56.26255461,0.98124765,28.01464474,4.802398667000001,-75.687737166999990,9.70448000,10.00,1479.40000000,15,17,2024
330.00,0.36,56.31448489,0.91280936,28.02695910,4.802380667000000,-75.687677832999993,13.63072000,10.00,1482.50000000,15,17,2024
420.00,0.27,56.35548249,1.10427745,28.00410276,4.802380667000000,-75.687677832999993,13.63072000,10.00,1482.50000000,15,17,2024
420.00,0.43,56.29622908,1.12270261,27.94053256,4.802353500000000,-75.687495999999994,19.05708000,10.00,1485.00000000,15,17,2024
390.00,0.47,56.39142965,1.00628912,27.98637265,4.802353500000000,-75.687495999999994,19.05708000,10.00,1485.00000000,15,17,2024
420.00,0.30,56.42238580,0.88800519,28.00191042,4.802337500000001,-75.687320666999990,18.89040000,9.00,1484.80000000,15,17,2024
390.00,0.30,56.45323798,0.89329545,28.00555569,4.802322167000000,-75.687263500000003,18.89040000,9.00,1484.60000000,15,17,2024
390.00,0.29,56.47939622,0.90066551,27.98639881,4.802311000000000,-75.687139500000002,19.52008000,10.00,1484.70000000,15,17,2024
390.00,0.28,56.49074483,0.88479475,27.98408033,4.802310167000000,-75.687085999999990,17.68660000,10.00,1485.10000000,15,17,2024
330.00,0.31,56.29805615,2.20922852,27.89616917,4.802283667000001,-75.686991667000000,12.66768000,10.00,1485.10000000,15,17,2024
270.00,1.49,52.86196775,17.12571903,27.67658375,4.802266833000000,-75.686977999999998,7.09316000,11.00,1493.60000000,15,17,2024
390.00,1.50,52.77619960,16.94590625,27.65770361,4.802266833000000,-75.686977999999998,7.09316000,11.00,1493.60000000,15,17,2024
360.00,1.57,52.73486036,16.98267282,27.62890068,4.802268833000001,-75.686922333000001,6.25976000,10.00,1495.40000000,15,17,2024
390.00,1.61,52.58103027,17.17155859,27.60865292,4.802304167000000,-75.686902167000003,6.25976000,11.00,1496.00000000,15,17,2024
330.00,1.61,52.56558190,17.39718301,27.63672428,4.802354000000001,-75.686863833000002,14.03816000,11.00,1496.20000000,15,17,2024
360.00,1.61,52.53957219,17.18770852,27.58514492,4.802370667000000,-75.686843667000003,11.31572000,11.00,1497.90000000,15,17,2024
330.00,1.61,52.43845965,17.47882600,27.61416682,4.802400833000000,-75.686801500000004,9.46372000,11.00,1497.90000000,15,17,2024
360.00,1.61,52.36831812,17.35981623,27.57647555,4.802427667000000,-75.686780999999996,10.92680000,11.00,1499.10000000,15,17,2024
330.00,1.61,52.33060331,17.17552279,27.60896908,4.802427667000000,-75.686780999999996,10.92680000,11.00,1499.10000000,15,17,2024
330.00,1.61,52.43811801,17.09142312,27.59478432,4.802526333000001,-75.686710500000007,14.57524000,11.00,1499.50000000,15,17,2024
330.00,1.62,52.38407843,17.48741045,27.57660767,4.802563000000001,-75.686689999999998,14.57524000,11.00,1499.20000000,15,17,2024
330.00,1.61,52.38156807,17.24375170,27.58874237,4.802638667000000,-75.686642500000003,14.90860000,11.00,1497.30000000,15,17,2024
330.00,1.61,52.32651840,17.14643338,27.52787128,4.802681500000001,-75.686619500000009,15.96424000,11.00,1496.40000000,15,17,2024
270.00,1.62,52.32176506,17.21311290,27.47574700,4.802765000000000,-75.686578499999992,14.72340000,11.00,1496.40000000,15,17,2024
300.00,1.62,52.27439502,17.12358339,27.54964680,4.802801500000001,-75.686562332999995,13.40848000,11.00,1494.10000000,15,17,2024
240.00,1.62,52.24796939,16.96997062,27.50003259,4.802801500000001,-75.686562332999995,13.40848000,11.00,1494.10000000,15,17,2024
210.00,1.62,52.26882469,16.99124331,27.47148695,4.802943333000000,-75.686519167000003,11.64908000,9.00,1493.30000000,15,18,2024
240.00,1.61,52.23832902,17.16547271,27.57712969,4.802943333000000,-75.686519167000003,11.64908000,9.00,1493.30000000,15,18,2024
300.00,1.62,52.22438092,17.09280500,27.55173934,4.803005333000000,-75.686500499999995,11.76020000,10.00,1492.40000000,15,18,2024
300.00,1.62,52.22923825,17.11322622,27.44504897,4.803039167000000,-75.686489667000005,11.40832000,11.00,1491.80000000,15,18,2024
210.00,1.61,52.20004974,17.05489385,27.51476343,4.803095667000000,-75.686469333000001,10.55640000,11.00,1491.80000000,15,18,2024
210.00,1.62,52.23679904,16.96371724,27.48992518,4.803125167000001,-75.686458999999999,9.88968000,10.00,1488.40000000,15,18,2024
240.00,1.61,52.16836574,17.07066690,27.49149920,4.803125167000001,-75.686458999999999,9.88968000,10.00,1488.40000000,15,18,2024
240.00,1.62,52.13847909,16.85492506,27.46158256,4.803204667000001,-75.686435666999996,9.87116000,10.00,1488.10000000,15,18,2024
270.00,1.62,52.13125994,17.05850909,27.46089587,4.803204667000001,-75.686435666999996,9.87116000,10.00,1488.10000000,15,18,2024
270.00,1.62,52.14305418,17.04342000,27.48838979,4.803285167000001,-75.686423167000000,10.26008000,10.00,1488.30000000,15,18,2024
300.00,1.61,52.08761830,17.12997636,27.42270563,4.803306167000000,-75.686418500000005,10.26008000,11.00,1488.40000000,15,18,2024
240.00,1.61,52.07716095,16.90013649,27.42197185,4.803345833000000,-75.686405332999999,9.01924000,11.00,1489.30000000,15,18,2024
270.00,1.61,52.09306980,17.11212350,27.50349040,4.803374333000000,-75.686397999999996,10.63048000,11.00,1488.80000000,15,18,2024
330.00,1.61,52.03950555,16.88962577,27.57672689,4.803374333000000,-75.686397999999996,10.63048000,11.00,1488.80000000,15,18,2024
300.00,1.60,52.06266325,17.00666740,27.54648575,4.803475500000001,-75.686381166999989,14.01964000,11.00,1490.20000000,15,18,2024
330.00,1.60,52.02683492,16.83495052,27.44945888,4.803475500000001,-75.686381166999989,14.01964000,11.00,1490.20000000,15,18,2024
270.00,1.61,52.04238727,17.04547189,27.48805896,4.803589167000001,-75.686370999999992,14.39004000,11.00,1492.40000000,15,18,2024
300.00,1.60,51.99816631,16.96770936,27.54339266,4.803622667000000,-75.686373333000007,14.39004000,11.00,1493.10000000,15,18,2024
270.00,1.61,52.01597650,16.96574121,27.48307764,4.803685500000001,-75.686375500000000,12.26024000,10.00,1494.90000000,15,18,2024
300.00,0.88,52.89506291,18.58870440,27.77235593,4.803717333000000,-75.686369666999997,11.53796000,10.00,1495.70000000,15,18,2024
210.00,1.08,52.04296658,16.93303656,27.49279382,4.803781500000001,-75.686340666999996,8.68588000,10.00,1495.70000000,15,18,2024
210.00,1.60,52.02653783,17.17998950,27.52258365,4.803797167000000,-75.686328333000005,6.94500000,9.00,1496.90000000,15,18,2024
210.00,1.57,52.02962751,17.08789163,27.49340099,4.803797167000000,-75.686328333000005,6.94500000,9.00,1496.90000000,15,18,2024
180.00,0.96,53.87765338,7.52651941,27.62224123,4.803861000000001,-75.686322167000001,7.25984000,10.00,1498.20000000,15,18,2024
240.00,0.60,55.33296392,0.87408862,27.92850419,4.803887167000000,-75.686307666999992,7.25984000,10.00,1497.80000000,15,18,2024
180.00,0.63,52.35182996,17.00539718,27.52290525,4.803914500000001,-75.686252999999990,8.09324000,10.00,1496.70000000,15,18,2024
180.00,0.90,54.70050179,3.64147738,27.65453017,4.803921667000000,-75.686228166999995,7.59320000,10.00,1496.80000000,15,18,2024
210.00,0.89,54.53466950,4.01127865,27.57248018,4.803923167000000,-75.686182333000004,7.92656000,10.00,1496.80000000,15,18,2024
240.00,0.93,53.30750463,9.73322507,27.56452339,4.803924500000000,-75.686166833000001,6.74128000,10.00,1499.10000000,15,18,2024
240.00,0.97,54.40751755,5.21230575,27.64794531,4.803924500000000,-75.686166833000001,6.74128000,10.00,1499.10000000,15,18,2024
240.00,0.99,54.37470462,5.81508755,27.62159893,4.803928000000000,-75.686102667000003,8.46364000,10.00,1502.00000000,15,18,2024
270.00,0.86,55.38464168,1.34747556,27.81961693,4.803927167000001,-75.686081666999998,8.46364000,10.00,1502.50000000,15,18,2024
210.00,0.56,55.56094618,0.97316571,27.83812941,4.803936833000000,-75.686018666999999,9.26000000,11.00,1503.10000000,15,18,2024
210.00,0.71,55.54323998,1.16374046,27.76087356,4.803937000000001,-75.685995332999995,6.00048000,11.00,1502.70000000,15,18,2024
150.00,0.79,54.80526847,5.19865438,27.44103737,4.803945333000000,-75.685925667000004,6.38940000,11.00,1502.70000000,15,18,2024
150.00,0.60,55.64962576,1.06840423,27.77965533,4.803952667000000,-75.685898499999995,6.66720000,11.00,1500.50000000,15,18,2024
120.00,0.60,55.41108216,3.03196761,27.69870671,4.803952667000000,-75.685898499999995,6.66720000,11.00,1500.50000000,15,18,2024
90.00,0.40,55.81398748,0.87939283,27.85144013,4.803974833000000,-75.685838500000004,4.25960000,11.00,1501.60000000,15,18,2024
30.00,0.30,55.84326511,0.85478408,27.84976415,4.803974833000000,-75.685838500000004,4.25960000,11.00,1501.60000000,15,18,2024
0.00,0.31,55.88268815,0.86904961,27.83852627,4.803990333000000,-75.685810333000009,0.37040000,11.00,1501.60000000,15,18,2024
0.00,0.28,55.90767292,0.86903566,27.82825217,4.803992167000000,-75.685806166999993,0.37040000,11.00,1501.90000000,15,18,2024
0.00,0.28,55.93313302,0.87372570,27.82798553,4.803995667000000,-75.685796332999997,0.33336000,10.00,1502.10000000,15,18,2024
0.00,0.28,55.97142715,0.88004887,27.80515824,4.803997667000000,-75.685791167000004,0.44448000,10.00,1502.10000000,15,19,2024
0.00,0.46,55.69707007,2.04987883,27.52733732,4.803997667000000,-75.685791167000004,0.44448000,10.00,1502.10000000,15,19,2024
60.00,0.47,54.81205684,6.74275232,27.52661039,4.804003000000000,-75.685778499999996,1.20380000,10.00,1502.10000000,15,19,2024
60.00,0.60,55.58447524,1.69622749,27.50944939,4.804003000000000,-75.685778499999996,1.20380000,10.00,1502.10000000,15,19,2024
60.00,0.83,55.82897537,0.98010306,27.37438838,4.803998000000000,-75.685763499999989,2.66688000,11.00,1503.60000000,15,19,2024
120.00,0.29,55.97885425,0.82891906,27.78885291,4.803998500000000,-75.685769832999998,2.66688000,11.00,1503.20000000,15,19,2024
30.00,0.28,56.01142951,0.83275764,27.75819751,4.804000333000001,-75.685770166999999,0.77784000,11.00,1502.70000000,15,19,2024
0.00,0.28,56.05738840,0.82930990,27.76453936,4.804002833000001,-75.685765667000000,0.38892000,11.00,1502.50000000,15,19,2024
